scenario_id,accuracy_score,completeness_score
1,0.9333333333333333,0.8888888888888888
2,1.0,1.0
3,0.75,1.0
